"Path","Bytes","SHA256"
"src/features/content/domain/ports.ts","3857","7357e246701612a82a67242f93ad3d166acb11c4f7d7c84c2a9ce648b29ae079"
"src/features/content/infrastructure/apiContentRepository.ts","19013","a3032de40a6392cc73ff00c679cc6a4269bccbeaf280a8bb281b00eed6bff797"
"src/features/content/infrastructure/demoContentRepository.ts","28857","069293f6075fdcb4403f5e7bb542c678f76e0ee3158ee1a15357e0452bb07f1e"
"src/features/content/public.ts","6462","773c4219078837cc9eb7381db5254282300409cfa878ed04c23bb714428d88ea"
"src/features/content/public.spec.ts","9710","66a9342da43f5feed608e79d8d731847f07f7af611f9d8e49840636bc69caae5"
"src/features/content/infrastructure/demoContentRepository.retirement.spec.ts","5602","4ef52b6c7053a8cb07c9e04058db7282966976b443888ee4274629ba3a9df14a"
"src/features/content/infrastructure/t53-question-bank-source.spec.ts","7984","c06ba5f963a776ebf80b4f59573185552b10139d66ef513eed19c2262c53aa4e"
"src/features/content/infrastructure/teacherActionSummary.spec.ts","5340","66b89667de0b707741c8fde31e592cb526052b1be1890158e4623d530310cda0"
"src/features/learning/domain/ports.ts","1288","ca6e431899b5f1d21baddf3038b1033a6282677ab920a0004692a6d237ef9e89"
"src/features/learning/infrastructure/apiLearningRepository.ts","10914","d20aa3c318d3d7abe87bbed2c405dac7231f37421358297ae1469d5064658c18"
"src/features/learning/infrastructure/demoLearningRepository.ts","8109","410dc3ec1b9be9a982e7f5c633932425d55f089575db05e697d411ab0109f210"
"src/features/learning/public.ts","8053","5bb5ad6620b88d5608636c93f39cc713dc37cb4725c9a1e9f5b05f508c7313a8"
"src/features/learning/infrastructure/apiLearningRepository.spec.ts","1463","92fd22e7f5ba841aaa76f1ef64243e2d5fec0394ea3135391042afd6713abeba"
"src/features/learning/infrastructure/demoLearningRepository.retirement.spec.ts","3087","2afa51d44ccfa9247c70ab946061b7958106ae1b2662813371058f6ae089d06c"
"src/features/learning/infrastructure/demoLearningRepository.caseReview.spec.ts","2324","669544d896fe77b1f1af1f2f0863f2f5b216ed8b187c254810186c5831ef9920"
"src/types/knowledge.ts","3871","9e7d7d5a27cc2ca84fa547c945c20692228dd8350718d7101e2c0fbf4d376b6c"
